{
  "cash_usdc": 0.03999999999923401,
  "up_balance": 0.0,
  "down_balance": 0.0,
  "realized_pnl": -199.96000000000078,
  "fills": 784,
  "merges": 171,
  "markets_resolved": 35
}